sample_size,mean_r2,std_r2,num_seeds
200,0.48847742774618813,0.023747260603339503,10
