points_per_cluster,sample_size,mean_r2,std_r2,num_seeds
10,100,0.03587901630168435,0.16761319571979327,10
