sample_size,source,mean_r2,std_r2,num_seeds
200,urban_based,0.03442767285916445,0.10499032345693803,10
