points_per_cluster,sample_size,mean_r2,std_r2,num_seeds
10,300,0.46814741419980666,0.020215956518026084,10
