sample_size,mean_r2,std_r2,num_seeds
700,0.5849761656287044,0.007039063215364437,10
