points_per_cluster,sample_size,mean_r2,std_r2,num_seeds
25,100,-0.060227534832804165,0.251748769165888,10
