sample_size,mean_r2,std_r2,num_seeds
900,0.5979449256753318,0.006612575071880705,10
