points_per_cluster,sample_size,mean_r2,std_r2,num_seeds
5,100,0.2726338408332101,0.0659424869690108,10
