points_per_cluster,sample_size,mean_r2,std_r2,num_seeds
25,600,0.48401591512922026,0.04181354297820673,10
