sample_size,points_per_cluster,mean_r2,std_r2,num_seeds
200,10,0.3086307315758065,0.12057267668969913,10
