sample_size,method,mean_r2,std_r2,num_seeds
100,probabilistic,-0.18686249624184775,0.23246076036293128,10
