points_per_cluster,sample_size,mean_r2,std_r2,num_seeds
2,400,0.533857625115281,0.023989453093038824,10
