points_per_cluster,sample_size,mean_r2,std_r2,num_seeds
2,800,0.5850130036737035,0.006531002951387849,10
