sample_size,mean_r2,std_r2,num_seeds
600,0.5769695687251744,0.007646265733879755,10
