points_per_cluster,sample_size,mean_r2,std_r2,num_seeds
10,600,0.5387869847021116,0.017767703486409513,10
