points_per_cluster,sample_size,mean_r2,std_r2,num_seeds
25,300,0.3376499729947963,0.07048322335906412,10
