points_per_cluster,sample_size,mean_r2,std_r2,num_seeds
2,600,0.5684146172936237,0.012676307613532958,10
