points_per_cluster,sample_size,mean_r2,std_r2,num_seeds
2,700,0.5765622281992946,0.013083254859460694,10
