sample_size,method,mean_r2,std_r2,num_seeds
400,probabilistic,0.08235697468058711,0.10993448436126865,10
