points_per_cluster,sample_size,mean_r2,std_r2,num_seeds
25,700,0.5163189358433304,0.029324612049082814,10
