points_per_cluster,sample_size,mean_r2,std_r2,num_seeds
5,1000,0.5860597420416729,0.014354947486995315,10
