points_per_cluster,sample_size,mean_r2,std_r2,num_seeds
2,500,0.5528756977900083,0.017568854403329923,10
