points_per_cluster,sample_size,mean_r2,std_r2,num_seeds
25,500,0.4601157205361959,0.031773768624387924,10
