points_per_cluster,sample_size,mean_r2,std_r2,num_seeds
2,100,0.35996556849705985,0.08477553453613501,10
