points_per_cluster,sample_size,mean_r2,std_r2,num_seeds
25,1000,0.5428806193912138,0.027402336491978724,10
