points_per_cluster,sample_size,mean_r2,std_r2,num_seeds
5,500,0.5460861633082458,0.027790973513957207,10
