points_per_cluster,sample_size,mean_r2,std_r2,num_seeds
25,800,0.5298562333400041,0.01858815941987037,10
