points_per_cluster,sample_size,mean_r2,std_r2,num_seeds
2,300,0.5185497103108457,0.017765846028683675,10
