sample_size,mean_r2,std_r2,num_seeds
1000,0.6012249274141669,0.00903957930236221,10
