sample_size,method,mean_r2,std_r2,num_seeds
900,probabilistic,0.14391265249739926,0.05692119012735231,10
