points_per_cluster,sample_size,mean_r2,std_r2,num_seeds
10,500,0.5263319905557043,0.022764704632513875,10
