points_per_cluster,sample_size,mean_r2,std_r2,num_seeds
5,300,0.4950832995571437,0.022441610337300893,10
