points_per_cluster,sample_size,mean_r2,std_r2,num_seeds
5,200,0.4064284672664245,0.12216586780208649,10
