sample_size,mean_r2,std_r2,num_seeds
400,0.5525979271518981,0.009990298975681973,10
