points_per_cluster,sample_size,mean_r2,std_r2,num_seeds
10,700,0.5569774569579427,0.016450699063950972,10
