points_per_cluster,sample_size,mean_r2,std_r2,num_seeds
25,900,0.5331118186183248,0.024488388460731446,10
