points_per_cluster,sample_size,mean_r2,std_r2,num_seeds
10,200,0.31679009119315815,0.14015025412512425,10
