points_per_cluster,sample_size,mean_r2,std_r2,num_seeds
5,400,0.5177992485675441,0.030320240845967003,10
