sample_size,method,mean_r2,std_r2,num_seeds
600,probabilistic,0.10654905694549537,0.07928193010945227,10
