sample_size,mean_r2,std_r2,num_seeds
100,0.357299135742726,0.0959715919112493,10
