sample_size,mean_r2,std_r2,num_seeds
500,0.5662395230208593,0.010567015179077587,10
