sample_size,points_per_cluster,mean_r2,std_r2,num_seeds
300,2,0.38110217785802075,0.06852976579287792,10
