sample_size,source,mean_r2,std_r2,num_seeds
300,urban_based,0.06339790044498698,0.07724853842217212,10
