sample_size,mean_r2,std_r2,num_seeds
300,0.5167607944526861,0.020370518789225252,10
