sample_size,method,mean_r2,std_r2,num_seeds
700,probabilistic,0.11803955510159703,0.10000687030560527,10
