points_per_cluster,sample_size,mean_r2,std_r2,num_seeds
5,700,0.5664051745549277,0.018580610546326197,10
