points_per_cluster,sample_size,mean_r2,std_r2,num_seeds
10,900,0.5713330766341395,0.012432748865044623,10
