points_per_cluster,sample_size,mean_r2,std_r2,num_seeds
25,400,0.38708773140589453,0.06321915866822189,10
