sample_size,points_per_cluster,mean_r2,std_r2,num_seeds
100,5,-0.003746558623900889,0.2786465393411621,10
