points_per_cluster,sample_size,mean_r2,std_r2,num_seeds
2,1000,0.5978193703032773,0.005711730401695436,10
