points_per_cluster,sample_size,mean_r2,std_r2,num_seeds
25,200,0.273265148799278,0.0996131835272506,10
