points_per_cluster,sample_size,mean_r2,std_r2,num_seeds
10,400,0.48887459415770634,0.06378620248146111,10
