points_per_cluster,sample_size,mean_r2,std_r2,num_seeds
10,800,0.5647453019686172,0.01692951779897002,10
