sample_size,method,mean_r2,std_r2,num_seeds
500,probabilistic,0.10761711791780573,0.10217925694088147,10
