points_per_cluster,sample_size,mean_r2,std_r2,num_seeds
5,600,0.5580289364219536,0.016734403655800298,10
