sample_size,mean_r2,std_r2,num_seeds
800,0.5924704154909595,0.007226212414429876,10
