points_per_cluster,sample_size,mean_r2,std_r2,num_seeds
2,200,0.4625934547049497,0.07985081628903863,10
