points_per_cluster,sample_size,mean_r2,std_r2,num_seeds
5,900,0.5756784935518924,0.020137754385164557,10
