points_per_cluster,sample_size,mean_r2,std_r2,num_seeds
10,1000,0.5768142972047319,0.013380194663265553,10
