points_per_cluster,sample_size,mean_r2,std_r2,num_seeds
5,800,0.582325759460763,0.006571302710500927,10
