points_per_cluster,sample_size,mean_r2,std_r2,num_seeds
2,900,0.5929471227500679,0.006248611772949649,10
