sample_size,source,mean_r2,std_r2,num_seeds
100,urban_based,-0.20056368451419568,0.2203877883355818,10
