points_per_cluster,sample_size,mean_r2,std_r2,num_seeds
2,800,0.8475865631899351,0.007892332734962882,10
