sample_size,mean_r2,std_r2,num_seeds
1000,0.8549373226949631,0.007478288115831921,10
