points_per_cluster,sample_size,mean_r2,std_r2,num_seeds
25,900,0.8221553204308918,0.010778300938692602,10
