points_per_cluster,sample_size,mean_r2,std_r2,num_seeds
5,900,0.8446550575703252,0.011065782115656618,10
