sample_size,points_per_cluster,mean_r2,std_r2,num_seeds
100,25,0.497204230488346,0.13902175351829177,10
