points_per_cluster,sample_size,mean_r2,std_r2,num_seeds
25,400,0.6168308388770498,0.12000239440918424,10
