sample_size,mean_r2,std_r2,num_seeds
500,0.8211922964880193,0.006786883996044289,10
