points_per_cluster,sample_size,mean_r2,std_r2,num_seeds
2,500,0.8186974317314905,0.00881467484858393,10
