points_per_cluster,sample_size,mean_r2,std_r2,num_seeds
5,300,0.7831521436813983,0.02678639776062485,10
