sample_size,mean_r2,std_r2,num_seeds
300,0.7983896054964332,0.01187902345294594,10
