points_per_cluster,sample_size,mean_r2,std_r2,num_seeds
25,500,0.7365457511792852,0.06030537176381042,10
