sample_size,mean_r2,std_r2,num_seeds
200,0.7737296320089532,0.02469901000798081,10
