points_per_cluster,sample_size,mean_r2,std_r2,num_seeds
10,100,0.52513053099744,0.08704341591883198,10
