points_per_cluster,sample_size,mean_r2,std_r2,num_seeds
5,800,0.8394952208240649,0.010717517505735635,10
