points_per_cluster,sample_size,mean_r2,std_r2,num_seeds
25,1000,0.8336617129887017,0.008299638365146578,10
