sample_size,mean_r2,std_r2,num_seeds
800,0.843901997494193,0.007706154991187255,10
