sample_size,mean_r2,std_r2,num_seeds
600,0.8289890711706077,0.009329706912906868,10
