points_per_cluster,sample_size,mean_r2,std_r2,num_seeds
10,600,0.8126131192990339,0.006512486712264396,10
