sample_size,source,mean_r2,std_r2,num_seeds
100,urban_based,0.46746900832845206,0.20390661448545655,10
