points_per_cluster,sample_size,mean_r2,std_r2,num_seeds
5,100,0.6262564359240163,0.17962278155290076,10
