points_per_cluster,sample_size,mean_r2,std_r2,num_seeds
10,800,0.8299129924678124,0.009465437841756429,10
