points_per_cluster,sample_size,mean_r2,std_r2,num_seeds
10,1000,0.8423838674214217,0.00775997401343818,10
