sample_size,mean_r2,std_r2,num_seeds
100,0.6867595164947715,0.07106372519063993,10
