points_per_cluster,sample_size,mean_r2,std_r2,num_seeds
5,1000,0.849371987037352,0.009718500319306158,10
