sample_size,mean_r2,std_r2,num_seeds
700,0.8376092292778712,0.008261493517652504,10
