points_per_cluster,sample_size,mean_r2,std_r2,num_seeds
5,200,0.7723459273442541,0.014009019839065759,10
