points_per_cluster,sample_size,mean_r2,std_r2,num_seeds
10,300,0.7794140421595654,0.0187615290769115,10
