sample_size,source,mean_r2,std_r2,num_seeds
200,urban_based,0.6189450557845539,0.06517265499373237,10
