sample_size,source,mean_r2,std_r2,num_seeds
500,urban_based,0.6978566082311697,0.027365036693193328,10
