points_per_cluster,sample_size,mean_r2,std_r2,num_seeds
10,400,0.7980728476087363,0.01221064991572066,10
