points_per_cluster,sample_size,mean_r2,std_r2,num_seeds
10,700,0.8238283466165921,0.011021481321664677,10
