points_per_cluster,sample_size,mean_r2,std_r2,num_seeds
25,600,0.7547647890570757,0.05853960254691794,10
