sample_size,points_per_cluster,mean_r2,std_r2,num_seeds
300,5,0.6909920871884634,0.07819153918202752,10
