sample_size,source,mean_r2,std_r2,num_seeds
300,urban_based,0.6666599107433109,0.025916701660178974,5
