points_per_cluster,sample_size,mean_r2,std_r2,num_seeds
10,200,0.6872595266246265,0.06505381367039036,10
