points_per_cluster,sample_size,mean_r2,std_r2,num_seeds
2,400,0.8090130126891086,0.008703300489761983,10
