points_per_cluster,sample_size,mean_r2,std_r2,num_seeds
2,700,0.8390185966554633,0.007952276919572737,10
