points_per_cluster,sample_size,mean_r2,std_r2,num_seeds
5,700,0.8321063353487064,0.007430013206223911,10
