points_per_cluster,sample_size,mean_r2,std_r2,num_seeds
25,200,0.5318318909328424,0.1320685547923173,10
