points_per_cluster,sample_size,mean_r2,std_r2,num_seeds
2,200,0.7655007864189832,0.013124452357625561,10
