sample_size,mean_r2,std_r2,num_seeds
400,0.8115712567984981,0.006739175798342799,10
