points_per_cluster,sample_size,mean_r2,std_r2,num_seeds
25,800,0.8157047506643984,0.01294325170738236,10
