points_per_cluster,sample_size,mean_r2,std_r2,num_seeds
2,1000,0.8580866863513432,0.005890957982881125,10
