points_per_cluster,sample_size,mean_r2,std_r2,num_seeds
2,100,0.7082500063441184,0.04021935721838674,10
