points_per_cluster,sample_size,mean_r2,std_r2,num_seeds
10,900,0.836895632871437,0.008556123469039365,10
