points_per_cluster,sample_size,mean_r2,std_r2,num_seeds
25,700,0.7966709383051012,0.026840156047586494,10
