sample_size,points_per_cluster,mean_r2,std_r2,num_seeds
200,25,0.6317121039424969,0.06994957533231376,10
