points_per_cluster,sample_size,mean_r2,std_r2,num_seeds
5,600,0.8223671655301965,0.008283468467306801,10
