points_per_cluster,sample_size,mean_r2,std_r2,num_seeds
2,900,0.8540550907309449,0.00774160338218324,10
