points_per_cluster,sample_size,mean_r2,std_r2,num_seeds
5,500,0.8140116675384453,0.008024604533936542,10
