points_per_cluster,sample_size,mean_r2,std_r2,num_seeds
25,100,0.1495088216173755,0.2530895741515903,10
