sample_size,mean_r2,std_r2,num_seeds
900,0.8507992066217367,0.00679670568853661,10
