points_per_cluster,sample_size,mean_r2,std_r2,num_seeds
2,300,0.7934921850404786,0.008509595418671186,10
