points_per_cluster,sample_size,mean_r2,std_r2,num_seeds
5,400,0.7985856765200376,0.014130381926070265,10
