points_per_cluster,sample_size,mean_r2,std_r2,num_seeds
25,300,0.5356534751806942,0.2009646870552464,10
