points_per_cluster,sample_size,mean_r2,std_r2,num_seeds
2,600,0.8267319767320256,0.008327261715246182,10
