initial_set_size,initial_r2_mean,initial_r2_std,initial_r2_se
100,0.49,0.13,0.043287545167942545
200,0.63,0.07,0.022150240530422135
300,0.69,0.07,0.024724750532389376
