{
  "sampling_type": "cluster",
  "base_name": "sample_region_canton_25ppc_300_size",
  "intended_sample_size": 300,
  "actual_sample_size_mean": 274.1,
  "actual_sample_size_std": 6.594694837519018,
  "num_seeds": 10,
  "r2_mean": -0.022466823661513136,
  "r2_std": 0.2391433106644647,
  "r2_min": -0.6030594116312689,
  "r2_max": 0.15861269490736585,
  "r2_scores": [
    0.10483881934329586,
    0.14662320247449512,
    -0.6030594116312689,
    0.1037755438436273,
    0.11133432332335447,
    -0.3422767079963014,
    -0.01257041240311918,
    -0.014166883248212025,
    0.15861269490736585,
    0.1222205947716315
  ]
}