{
  "sampling_type": "cluster",
  "base_name": "sample_region_canton_25ppc_2000_size",
  "intended_sample_size": 2000,
  "actual_sample_size_mean": 1974.0,
  "actual_sample_size_std": 11.454256850621082,
  "num_seeds": 10,
  "r2_mean": 0.14055296145817767,
  "r2_std": 0.08993846235655173,
  "r2_min": -0.0687233669569769,
  "r2_max": 0.22506854204247007,
  "r2_scores": [
    0.18500970385095628,
    0.19989502659048175,
    -0.0687233669569769,
    0.22506854204247007,
    0.19599473625268282,
    0.07474699337501345,
    0.21513863907949293,
    0.2001746882877833,
    0.052796660779164895,
    0.12542799128070792
  ]
}