{
  "sampling_type": "cluster",
  "base_name": "sample_region_canton_25ppc_2700_size",
  "intended_sample_size": 2700,
  "actual_sample_size_mean": 2679.3,
  "actual_sample_size_std": 6.1975801729384665,
  "num_seeds": 10,
  "r2_mean": 0.15834089479309169,
  "r2_std": 0.050307595631337104,
  "r2_min": 0.0826944807843949,
  "r2_max": 0.21608123205949037,
  "r2_scores": [
    0.18922995375285456,
    0.16165409131782982,
    0.08587798273909852,
    0.1616620065853176,
    0.20603406002876978,
    0.0826944807843949,
    0.21608123205949037,
    0.1972576211175141,
    0.19468487214656072,
    0.08823264739908643
  ]
}