{
  "sampling_type": "cluster",
  "base_name": "sample_region_canton_25ppc_400_size",
  "intended_sample_size": 400,
  "actual_sample_size_mean": 376.3,
  "actual_sample_size_std": 6.972087205421343,
  "num_seeds": 10,
  "r2_mean": 0.05418057459880793,
  "r2_std": 0.10660297433226837,
  "r2_min": -0.17613316154416836,
  "r2_max": 0.16196078372528,
  "r2_scores": [
    0.1383421200818754,
    0.09474125963203228,
    -0.17613316154416836,
    -0.020919403075754905,
    0.11619942983967846,
    -0.08396711839804882,
    0.16196078372528,
    0.0504894333596827,
    0.13203674091592998,
    0.12905566145157255
  ]
}