{
  "sampling_type": "cluster",
  "base_name": "sample_region_canton_25ppc_1500_size",
  "intended_sample_size": 1500,
  "actual_sample_size_mean": 1475.5,
  "actual_sample_size_std": 7.102816342831906,
  "num_seeds": 10,
  "r2_mean": 0.1500370303908458,
  "r2_std": 0.07454090217622233,
  "r2_min": -0.03114124129056406,
  "r2_max": 0.22216553790594118,
  "r2_scores": [
    0.13756931161977415,
    0.18318347284669645,
    0.1419492177299858,
    0.22066971910093858,
    0.2087340853339381,
    -0.03114124129056406,
    0.209270656799186,
    0.22216553790594118,
    0.10793859190806288,
    0.10003095195449885
  ]
}