{
  "sampling_type": "cluster",
  "base_name": "sample_region_canton_25ppc_800_size",
  "intended_sample_size": 800,
  "actual_sample_size_mean": 775.7,
  "actual_sample_size_std": 9.829038610159184,
  "num_seeds": 10,
  "r2_mean": 0.14302517463471187,
  "r2_std": 0.06592154227887928,
  "r2_min": 0.0023329558684399565,
  "r2_max": 0.23245231734747152,
  "r2_scores": [
    0.16416024816793673,
    0.18855262491664038,
    0.19180441567307083,
    0.19581104689079099,
    0.09588810431720429,
    0.0023329558684399565,
    0.23245231734747152,
    0.1690422088025506,
    0.11072594958621296,
    0.07948187477680047
  ]
}