{
  "sampling_type": "cluster",
  "base_name": "sample_region_canton_25ppc_100_size",
  "intended_sample_size": 100,
  "actual_sample_size_mean": 77.5,
  "actual_sample_size_std": 4.944694126030447,
  "num_seeds": 10,
  "r2_mean": -0.30021907837197553,
  "r2_std": 0.8507227796104555,
  "r2_min": -2.8220671745821138,
  "r2_max": 0.1063801497920076,
  "r2_scores": [
    -2.8220671745821138,
    0.1063801497920076,
    -0.21880782647842612,
    -0.32003761852486434,
    0.06836306503533107,
    0.061803823264573565,
    0.028945757845596054,
    0.051792166784221494,
    0.025943254610876987,
    0.015493618533041875
  ]
}