{
  "sampling_type": "cluster",
  "base_name": "sample_region_canton_25ppc_2100_size",
  "intended_sample_size": 2100,
  "actual_sample_size_mean": 2082.9,
  "actual_sample_size_std": 8.043009387039158,
  "num_seeds": 10,
  "r2_mean": 0.17282392216398673,
  "r2_std": 0.04286114356176398,
  "r2_min": 0.08257438260668515,
  "r2_max": 0.2214750873024015,
  "r2_scores": [
    0.18356587814952008,
    0.18248481120960358,
    0.12005922456940721,
    0.2214750873024015,
    0.19039989170050964,
    0.08257438260668515,
    0.21363448299241306,
    0.19911392908848713,
    0.20019972956559917,
    0.1347318044552407
  ]
}