{
  "sampling_type": "cluster",
  "base_name": "sample_region_canton_25ppc_2500_size",
  "intended_sample_size": 2500,
  "actual_sample_size_mean": 2478.3,
  "actual_sample_size_std": 9.4451045520947,
  "num_seeds": 10,
  "r2_mean": 0.15599708107483817,
  "r2_std": 0.058150916047652,
  "r2_min": 0.040130131657119095,
  "r2_max": 0.2081416478172754,
  "r2_scores": [
    0.19937987817042913,
    0.18053119813664875,
    0.040130131657119095,
    0.1830114257199108,
    0.1955789555712386,
    0.08907148629290984,
    0.08219518223688838,
    0.2081416478172754,
    0.20707857541010433,
    0.1748523297358573
  ]
}