{
  "sampling_type": "cluster",
  "base_name": "sample_region_canton_25ppc_1700_size",
  "intended_sample_size": 1700,
  "actual_sample_size_mean": 1673.1,
  "actual_sample_size_std": 7.381734213584231,
  "num_seeds": 10,
  "r2_mean": 0.1695815838045173,
  "r2_std": 0.04874957152396848,
  "r2_min": 0.07329523440158914,
  "r2_max": 0.23141014936843685,
  "r2_scores": [
    0.16856412456390057,
    0.19198334637162695,
    0.12791446767048043,
    0.23141014936843685,
    0.20863482103011355,
    0.07329523440158914,
    0.2091345929497468,
    0.21350037443746417,
    0.15931700276052074,
    0.1120617244912937
  ]
}