{
  "sampling_type": "cluster",
  "base_name": "sample_region_canton_25ppc_500_size",
  "intended_sample_size": 500,
  "actual_sample_size_mean": 487.0,
  "actual_sample_size_std": 13.29661611087573,
  "num_seeds": 10,
  "r2_mean": 0.0879956064812801,
  "r2_std": 0.12482548709090734,
  "r2_min": -0.217657236315713,
  "r2_max": 0.1952856128660566,
  "r2_scores": [
    0.17045872662960526,
    0.19502774626983743,
    -0.217657236315713,
    0.12608465992434803,
    0.06133148189234616,
    -0.05786912527499255,
    0.16790919111278324,
    0.0998262983136533,
    0.1952856128660566,
    0.13955870939487647
  ]
}