{
  "sampling_type": "cluster",
  "base_name": "sample_region_canton_25ppc_600_size",
  "intended_sample_size": 600,
  "actual_sample_size_mean": 578.0,
  "actual_sample_size_std": 8.306623862918075,
  "num_seeds": 10,
  "r2_mean": 0.0959065414413485,
  "r2_std": 0.1310920082780324,
  "r2_min": -0.2413739692122101,
  "r2_max": 0.2025718642716381,
  "r2_scores": [
    0.14941675789670905,
    0.18398010795595487,
    -0.2413739692122101,
    0.16713472381655692,
    0.0576506266439043,
    -0.035411888634280464,
    0.17803379272749886,
    0.14465761764359186,
    0.2025718642716381,
    0.15240578130412163
  ]
}