{
  "sampling_type": "cluster",
  "base_name": "sample_region_canton_25ppc_1100_size",
  "intended_sample_size": 1100,
  "actual_sample_size_mean": 1076.9,
  "actual_sample_size_std": 11.682893477217021,
  "num_seeds": 10,
  "r2_mean": 0.133007233534672,
  "r2_std": 0.1228618417609114,
  "r2_min": -0.19665782169719148,
  "r2_max": 0.2256430872813333,
  "r2_scores": [
    0.18134388221193265,
    0.17222693233441067,
    0.1316078429092823,
    0.195088883221903,
    0.1491553392090188,
    -0.19665782169719148,
    0.2256430872813333,
    0.21731930275877542,
    0.2234059870486219,
    0.030938900068633313
  ]
}