{
  "sampling_type": "cluster",
  "base_name": "sample_region_canton_25ppc_2800_size",
  "intended_sample_size": 2800,
  "actual_sample_size_mean": 2721.1,
  "actual_sample_size_std": 5.769748694700663,
  "num_seeds": 10,
  "r2_mean": 0.17054195367547637,
  "r2_std": 0.04376923267185665,
  "r2_min": 0.08653680467341307,
  "r2_max": 0.2138696861731023,
  "r2_scores": [
    0.1914375857512407,
    0.1654146790720722,
    0.09140891971478071,
    0.15939257847568555,
    0.20041013277366349,
    0.20103900451914003,
    0.2138696861731023,
    0.2028998364730139,
    0.1930103091286518,
    0.08653680467341307
  ]
}