{
  "sampling_type": "cluster",
  "base_name": "sample_region_canton_25ppc_2300_size",
  "intended_sample_size": 2300,
  "actual_sample_size_mean": 2282.6,
  "actual_sample_size_std": 9.046546302318914,
  "num_seeds": 10,
  "r2_mean": 0.17778362214785565,
  "r2_std": 0.031208045576768706,
  "r2_min": 0.10983529545362802,
  "r2_max": 0.2061468958693673,
  "r2_scores": [
    0.1969696025626838,
    0.18738620664523753,
    0.1326664001982032,
    0.18262052566259213,
    0.19523684142870967,
    0.10983529545362802,
    0.20212167010271165,
    0.203146355625496,
    0.2061468958693673,
    0.1617064279299275
  ]
}