{
  "sampling_type": "cluster",
  "base_name": "sample_region_canton_25ppc_1800_size",
  "intended_sample_size": 1800,
  "actual_sample_size_mean": 1779.4,
  "actual_sample_size_std": 8.224354077980836,
  "num_seeds": 10,
  "r2_mean": 0.1465092193689241,
  "r2_std": 0.07164941960673775,
  "r2_min": 0.005617535833768894,
  "r2_max": 0.230828484043344,
  "r2_scores": [
    0.07301149193078549,
    0.18704516501941815,
    0.09471040268327902,
    0.230828484043344,
    0.20353846923616725,
    0.08407771426874067,
    0.2067357996456154,
    0.19778996304435703,
    0.18173716798376538,
    0.005617535833768894
  ]
}