{
  "sampling_type": "cluster",
  "base_name": "sample_region_canton_25ppc_1300_size",
  "intended_sample_size": 1300,
  "actual_sample_size_mean": 1276.7,
  "actual_sample_size_std": 7.308214556237385,
  "num_seeds": 10,
  "r2_mean": 0.13924088182106803,
  "r2_std": 0.08996189937564099,
  "r2_min": -0.0983493582626116,
  "r2_max": 0.2159525147190544,
  "r2_scores": [
    0.12445438560765099,
    0.19207863366531952,
    0.1637098808522892,
    0.2159525147190544,
    0.18251294240431393,
    -0.0983493582626116,
    0.21058076668048986,
    0.2054945234767479,
    0.10878816435552341,
    0.08718636471190255
  ]
}