{
  "sampling_type": "cluster",
  "base_name": "sample_region_canton_25ppc_1900_size",
  "intended_sample_size": 1900,
  "actual_sample_size_mean": 1879.2,
  "actual_sample_size_std": 7.30479294709987,
  "num_seeds": 10,
  "r2_mean": 0.1709510410178693,
  "r2_std": 0.047875818591061076,
  "r2_min": 0.081188059434663,
  "r2_max": 0.22694138760545413,
  "r2_scores": [
    0.1790079727443371,
    0.19149536739270334,
    0.081188059434663,
    0.22694138760545413,
    0.19502067917897126,
    0.08806955779564396,
    0.20414488422166654,
    0.1985001260313476,
    0.20361087202758976,
    0.1415315037463163
  ]
}