{
  "sampling_type": "cluster",
  "base_name": "sample_region_canton_25ppc_1200_size",
  "intended_sample_size": 1200,
  "actual_sample_size_mean": 1168.7,
  "actual_sample_size_std": 6.8854919940408035,
  "num_seeds": 10,
  "r2_mean": 0.1304969432396844,
  "r2_std": 0.11197884936375883,
  "r2_min": -0.16851392269648313,
  "r2_max": 0.22077737385141427,
  "r2_scores": [
    0.141710981755922,
    0.1814830537678871,
    0.15486822326569083,
    0.2109640130800008,
    0.1822218891639541,
    -0.16851392269648313,
    0.22077737385141427,
    0.21585747019317325,
    0.12480299164735986,
    0.04079735836792486
  ]
}