{
  "sampling_type": "cluster",
  "base_name": "sample_region_canton_25ppc_700_size",
  "intended_sample_size": 700,
  "actual_sample_size_mean": 676.1,
  "actual_sample_size_std": 8.055432949258531,
  "num_seeds": 10,
  "r2_mean": 0.1519801317547847,
  "r2_std": 0.053502795781041106,
  "r2_min": 0.0530976528244097,
  "r2_max": 0.21914064970087155,
  "r2_scores": [
    0.16767557737761285,
    0.17980720061679545,
    0.1630604210120702,
    0.20984697221065318,
    0.09957538617794792,
    0.08715997777697759,
    0.21914064970087155,
    0.13681236652223838,
    0.20362511332827005,
    0.0530976528244097
  ]
}