{
  "sampling_type": "cluster",
  "base_name": "sample_region_canton_25ppc_3000_size",
  "intended_sample_size": 3000,
  "actual_sample_size_mean": 2800.3,
  "actual_sample_size_std": 4.267317658670374,
  "num_seeds": 10,
  "r2_mean": 0.1379060233033153,
  "r2_std": 0.04486990082448258,
  "r2_min": 0.0819739738680858,
  "r2_max": 0.2004780596003305,
  "r2_scores": [
    0.11685003046516296,
    0.0819739738680858,
    0.10958243228390996,
    0.1678595612505127,
    0.2004780596003305,
    0.08484205337176465,
    0.1276860721816564,
    0.19822827600597048,
    0.19195146432785748,
    0.09960830967790213
  ]
}