{
  "sampling_type": "cluster",
  "base_name": "sample_region_canton_25ppc_2900_size",
  "intended_sample_size": 2900,
  "actual_sample_size_mean": 2754.6,
  "actual_sample_size_std": 6.499230723708768,
  "num_seeds": 10,
  "r2_mean": 0.15212116142396703,
  "r2_std": 0.04901344652868138,
  "r2_min": 0.08913305812487293,
  "r2_max": 0.2252482471065963,
  "r2_scores": [
    0.11160998212200623,
    0.15445307649694995,
    0.09467871567412278,
    0.16334829192009725,
    0.20008078806940888,
    0.09219586714459316,
    0.2252482471065963,
    0.1989473792609684,
    0.19151620832005456,
    0.08913305812487293
  ]
}