{
  "sampling_type": "cluster",
  "base_name": "sample_region_canton_25ppc_2200_size",
  "intended_sample_size": 2200,
  "actual_sample_size_mean": 2173.1,
  "actual_sample_size_std": 8.982761268117951,
  "num_seeds": 10,
  "r2_mean": 0.17207101174498618,
  "r2_std": 0.03842201226177737,
  "r2_min": 0.09170324340716474,
  "r2_max": 0.20878182581906957,
  "r2_scores": [
    0.1858701017146681,
    0.177212201653285,
    0.12002949964270193,
    0.20402905173227737,
    0.1919699028427232,
    0.09170324340716474,
    0.20878182581906957,
    0.19240891949284755,
    0.20743861729649116,
    0.1412667538486333
  ]
}