{
  "sampling_type": "cluster",
  "base_name": "sample_region_canton_25ppc_2400_size",
  "intended_sample_size": 2400,
  "actual_sample_size_mean": 2378.6,
  "actual_sample_size_std": 6.437390775772433,
  "num_seeds": 10,
  "r2_mean": 0.17500782528882014,
  "r2_std": 0.032611827466114594,
  "r2_min": 0.1079941161998289,
  "r2_max": 0.20218553666043926,
  "r2_scores": [
    0.20021559358332452,
    0.18536582248419287,
    0.12026723250096094,
    0.1779349808088898,
    0.19527343008214293,
    0.1079941161998289,
    0.2006612556070494,
    0.20218553666043926,
    0.19648486965485346,
    0.1636954153065192
  ]
}