{
  "sampling_type": "cluster",
  "base_name": "sample_region_canton_25ppc_900_size",
  "intended_sample_size": 900,
  "actual_sample_size_mean": 869.1,
  "actual_sample_size_std": 7.161703707917551,
  "num_seeds": 10,
  "r2_mean": 0.13242381876826298,
  "r2_std": 0.09686367818798003,
  "r2_min": -0.08868271099951985,
  "r2_max": 0.2355049851228178,
  "r2_scores": [
    0.1524463832325903,
    0.1513859318331775,
    0.17506739969880558,
    0.20719105923321923,
    0.20421770900773717,
    0.007908390853381908,
    0.2355049851228178,
    0.19147138727640334,
    0.08772765242401692,
    -0.08868271099951985
  ]
}