{
  "sampling_type": "cluster",
  "base_name": "sample_region_canton_25ppc_200_size",
  "intended_sample_size": 200,
  "actual_sample_size_mean": 176.5,
  "actual_sample_size_std": 8.139410298049853,
  "num_seeds": 10,
  "r2_mean": -0.16939409124311258,
  "r2_std": 0.41950125755569717,
  "r2_min": -1.0134629160310933,
  "r2_max": 0.16111018030867452,
  "r2_scores": [
    -0.10992873139172388,
    0.13020332900247467,
    -1.0134629160310933,
    0.10006370111181706,
    -0.00954431782912546,
    -0.9704357206753007,
    0.053023652542637634,
    -0.08598153952655396,
    0.16111018030867452,
    0.05101145005706764
  ]
}