{
  "sampling_type": "cluster",
  "base_name": "sample_region_canton_25ppc_1400_size",
  "intended_sample_size": 1400,
  "actual_sample_size_mean": 1381.7,
  "actual_sample_size_std": 9.889893831583835,
  "num_seeds": 10,
  "r2_mean": 0.14574164950090904,
  "r2_std": 0.08896685270571575,
  "r2_min": -0.07688768115421984,
  "r2_max": 0.22121289720171822,
  "r2_scores": [
    0.1365915674587811,
    0.19710727815056195,
    0.13516734677982478,
    0.2187505527186263,
    0.22121289720171822,
    -0.07688768115421984,
    0.217643108261526,
    0.2184571448949133,
    0.0893709283869355,
    0.10000335231042312
  ]
}