{
  "sampling_type": "cluster",
  "base_name": "sample_region_canton_25ppc_1000_size",
  "intended_sample_size": 1000,
  "actual_sample_size_mean": 984.6,
  "actual_sample_size_std": 7.002856560004638,
  "num_seeds": 10,
  "r2_mean": 0.1478704522348991,
  "r2_std": 0.06434923320548824,
  "r2_min": -0.009954607732206355,
  "r2_max": 0.22439355177179177,
  "r2_scores": [
    0.1327615554000755,
    0.1535196480712806,
    0.15369573145212456,
    0.18830183838897052,
    0.20934440082020855,
    0.10802883312867806,
    0.22439355177179177,
    0.19859355414690028,
    0.12002001690116781,
    -0.009954607732206355
  ]
}