{
  "sampling_type": "cluster",
  "base_name": "sample_region_canton_25ppc_2600_size",
  "intended_sample_size": 2600,
  "actual_sample_size_mean": 2582.5,
  "actual_sample_size_std": 9.222255689363639,
  "num_seeds": 10,
  "r2_mean": 0.1681680038739676,
  "r2_std": 0.0447238408308398,
  "r2_min": 0.081312111465077,
  "r2_max": 0.2077641634290721,
  "r2_scores": [
    0.19502605572597553,
    0.17510794825441678,
    0.08315200161730751,
    0.16759961469803963,
    0.19784222537216134,
    0.081312111465077,
    0.2077641634290721,
    0.1969255884786849,
    0.201901563065763,
    0.17504876663317825
  ]
}