{
  "sampling_type": "cluster",
  "base_name": "sample_region_canton_25ppc_1600_size",
  "intended_sample_size": 1600,
  "actual_sample_size_mean": 1577.9,
  "actual_sample_size_std": 9.554580053565934,
  "num_seeds": 10,
  "r2_mean": 0.1653742692161866,
  "r2_std": 0.052193761697897266,
  "r2_min": 0.0581799387552564,
  "r2_max": 0.22471813493477555,
  "r2_scores": [
    0.1413377526737145,
    0.19166230934521233,
    0.1654933888391651,
    0.22424966159209214,
    0.22471813493477555,
    0.0581799387552564,
    0.20809985650472063,
    0.20145154700438916,
    0.12692704274096167,
    0.11162305977157849
  ]
}