{
  "sampling_type": "cluster",
  "base_name": "sample_state_combined_county_id_10ppc_1000_size",
  "intended_sample_size": 1000,
  "actual_sample_size_mean": 975.1,
  "actual_sample_size_std": 5.028916384272063,
  "num_seeds": 10,
  "r2_mean": 0.7851006302150065,
  "r2_std": 0.011089083844447341,
  "r2_min": 0.7684848390693546,
  "r2_max": 0.801683422185128,
  "r2_scores": [
    0.7874047254036536,
    0.7737762762657785,
    0.801683422185128,
    0.7819166157203428,
    0.7974552082649988,
    0.783364622679646,
    0.8015049568606369,
    0.7684848390693546,
    0.7783627613173981,
    0.7770528743831283
  ]
}