{
  "sampling_type": "cluster",
  "base_name": "sample_state_combined_county_id_5ppc_700_size",
  "intended_sample_size": 700,
  "actual_sample_size_mean": 665.0,
  "actual_sample_size_std": 0.0,
  "num_seeds": 10,
  "r2_mean": 0.7737970118543502,
  "r2_std": 0.017279538442488664,
  "r2_min": 0.7333443791702001,
  "r2_max": 0.7997527583961368,
  "r2_scores": [
    0.7333443791702001,
    0.7659073708711787,
    0.7635008324714494,
    0.770139355388515,
    0.77755382968155,
    0.779766718731572,
    0.7997527583961368,
    0.7891657875145011,
    0.7709079052305414,
    0.7879311810878576
  ]
}