{
  "sampling_type": "cluster",
  "base_name": "sample_state_combined_county_id_5ppc_200_size",
  "intended_sample_size": 200,
  "actual_sample_size_mean": 190.0,
  "actual_sample_size_std": 0.0,
  "num_seeds": 10,
  "r2_mean": 0.700982206264995,
  "r2_std": 0.02509091539528855,
  "r2_min": 0.6587381617526417,
  "r2_max": 0.7352391006568983,
  "r2_scores": [
    0.6922108896627946,
    0.7091028197567157,
    0.6867403895630163,
    0.72206434111808,
    0.6587381617526417,
    0.7333937502631981,
    0.7352391006568983,
    0.7085398013915583,
    0.6630401184720605,
    0.7007526900129871
  ]
}