{
  "sampling_type": "cluster",
  "base_name": "sample_state_combined_county_id_10ppc_700_size",
  "intended_sample_size": 700,
  "actual_sample_size_mean": 673.1,
  "actual_sample_size_std": 3.014962686336267,
  "num_seeds": 10,
  "r2_mean": 0.7672582187703839,
  "r2_std": 0.013915087317163025,
  "r2_min": 0.7426245517764236,
  "r2_max": 0.7918077322068903,
  "r2_scores": [
    0.7655621215031544,
    0.7533683025715975,
    0.7849023881214447,
    0.7729873692188747,
    0.7918077322068903,
    0.7733870810824588,
    0.769452300888465,
    0.7620788206918949,
    0.7564115196426355,
    0.7426245517764236
  ]
}