{
  "sampling_type": "cluster",
  "base_name": "sample_state_combined_county_id_5ppc_600_size",
  "intended_sample_size": 600,
  "actual_sample_size_mean": 585.0,
  "actual_sample_size_std": 0.0,
  "num_seeds": 10,
  "r2_mean": 0.7624358295416673,
  "r2_std": 0.01779103255274925,
  "r2_min": 0.7177346525246019,
  "r2_max": 0.7796758780244489,
  "r2_scores": [
    0.7177346525246019,
    0.7495617781361594,
    0.7770899913259408,
    0.7597402774933077,
    0.773146866377859,
    0.7683122787261502,
    0.7700369272585239,
    0.7796758780244489,
    0.7529921243573267,
    0.7760675211923543
  ]
}