{
  "sampling_type": "cluster",
  "base_name": "sample_state_combined_county_id_10ppc_900_size",
  "intended_sample_size": 900,
  "actual_sample_size_mean": 873.6,
  "actual_sample_size_std": 3.4698703145794947,
  "num_seeds": 10,
  "r2_mean": 0.7778373166785166,
  "r2_std": 0.009808068631830303,
  "r2_min": 0.7622045876283077,
  "r2_max": 0.7922179653773732,
  "r2_scores": [
    0.7770779080811842,
    0.7622045876283077,
    0.7905859932686488,
    0.7810505403667218,
    0.7922179653773732,
    0.7795569232540882,
    0.7859911910320753,
    0.7768245418104951,
    0.7645981003497939,
    0.7682654156164783
  ]
}