{
  "sampling_type": "cluster",
  "base_name": "sample_state_combined_county_id_5ppc_100_size",
  "intended_sample_size": 100,
  "actual_sample_size_mean": 90.0,
  "actual_sample_size_std": 0.0,
  "num_seeds": 10,
  "r2_mean": 0.5912330137708879,
  "r2_std": 0.08840313368655885,
  "r2_min": 0.34982963656111044,
  "r2_max": 0.6835543822872074,
  "r2_scores": [
    0.34982963656111044,
    0.5719493026468145,
    0.5949162683503005,
    0.6232103503160245,
    0.5763433859012701,
    0.6835543822872074,
    0.5967872661121592,
    0.6593913074147559,
    0.5941377953599791,
    0.6622104427592579
  ]
}