{
  "sampling_type": "cluster",
  "base_name": "sample_state_combined_county_id_5ppc_800_size",
  "intended_sample_size": 800,
  "actual_sample_size_mean": 715.0,
  "actual_sample_size_std": 0.0,
  "num_seeds": 10,
  "r2_mean": 0.7758565107321489,
  "r2_std": 0.021463739088561178,
  "r2_min": 0.731811046873456,
  "r2_max": 0.805580776657767,
  "r2_scores": [
    0.731811046873456,
    0.7738847542391659,
    0.781652474444678,
    0.7425716733251939,
    0.7765509891591024,
    0.7826738406397036,
    0.805580776657767,
    0.7969200369844427,
    0.7794738123970063,
    0.7874457026009727
  ]
}