{
  "sampling_type": "cluster",
  "base_name": "sample_state_combined_county_id_10ppc_800_size",
  "intended_sample_size": 800,
  "actual_sample_size_mean": 773.9,
  "actual_sample_size_std": 3.269556544854363,
  "num_seeds": 10,
  "r2_mean": 0.7719680389862388,
  "r2_std": 0.012142789269913063,
  "r2_min": 0.7474163539916291,
  "r2_max": 0.7909230165333645,
  "r2_scores": [
    0.7727740698122392,
    0.7552037805810985,
    0.7909230165333645,
    0.7753743892835325,
    0.7846619283129765,
    0.7767365182870245,
    0.7767986308326531,
    0.7686097968947159,
    0.7711819053331533,
    0.7474163539916291
  ]
}