{
  "sampling_type": "cluster",
  "base_name": "sample_state_combined_county_id_10ppc_500_size",
  "intended_sample_size": 500,
  "actual_sample_size_mean": 472.9,
  "actual_sample_size_std": 3.3896902513356584,
  "num_seeds": 10,
  "r2_mean": 0.7478081380078322,
  "r2_std": 0.021233003247202776,
  "r2_min": 0.700401169531693,
  "r2_max": 0.7744712743480355,
  "r2_scores": [
    0.7413507597800374,
    0.700401169531693,
    0.7590490522603001,
    0.7722502944513654,
    0.7744712743480355,
    0.7510238465243944,
    0.7524905666633199,
    0.7300553704152487,
    0.7337260270975026,
    0.7632630190064258
  ]
}