{
  "sampling_type": "cluster",
  "base_name": "sample_state_combined_county_id_10ppc_150_size",
  "intended_sample_size": 150,
  "actual_sample_size_mean": 119.3,
  "actual_sample_size_std": 1.5524174696260025,
  "num_seeds": 10,
  "r2_mean": 0.5633430090595196,
  "r2_std": 0.09808208283156034,
  "r2_min": 0.4211473208862274,
  "r2_max": 0.7168706669000668,
  "r2_scores": [
    0.4211473208862274,
    0.5171184717646439,
    0.49540168867806256,
    0.507701428641109,
    0.5730993546167262,
    0.44205867415888633,
    0.7012857952125124,
    0.7168706669000668,
    0.6273022319705936,
    0.6314444577663669
  ]
}