{
  "sampling_type": "cluster",
  "base_name": "sample_state_combined_county_id_5ppc_300_size",
  "intended_sample_size": 300,
  "actual_sample_size_mean": 285.0,
  "actual_sample_size_std": 0.0,
  "num_seeds": 10,
  "r2_mean": 0.7313582819468065,
  "r2_std": 0.021757427621951243,
  "r2_min": 0.7076200204729826,
  "r2_max": 0.7746202862928324,
  "r2_scores": [
    0.7200367241212524,
    0.7099045553268157,
    0.7746202862928324,
    0.7076200204729826,
    0.7432268076849691,
    0.7243125263294412,
    0.7516691437580045,
    0.7184834801443704,
    0.710163378028712,
    0.7535458973086855
  ]
}