{
  "sampling_type": "cluster",
  "base_name": "sample_state_combined_county_id_10ppc_400_size",
  "intended_sample_size": 400,
  "actual_sample_size_mean": 374.3,
  "actual_sample_size_std": 5.459853477887479,
  "num_seeds": 10,
  "r2_mean": 0.7312124752656034,
  "r2_std": 0.02859153932268289,
  "r2_min": 0.6820845400877324,
  "r2_max": 0.7822593626554346,
  "r2_scores": [
    0.7300354899308991,
    0.6993299516246639,
    0.7685606139167741,
    0.7484525347674107,
    0.7302766429942158,
    0.7355521961695667,
    0.7822593626554346,
    0.7234975538449696,
    0.7120758666643674,
    0.6820845400877324
  ]
}