{
  "sampling_type": "cluster",
  "base_name": "sample_state_combined_county_id_10ppc_200_size",
  "intended_sample_size": 200,
  "actual_sample_size_mean": 170.9,
  "actual_sample_size_std": 2.3853720883753127,
  "num_seeds": 10,
  "r2_mean": 0.6318566616757082,
  "r2_std": 0.06645189143656507,
  "r2_min": 0.5452069098647375,
  "r2_max": 0.7312869674287137,
  "r2_scores": [
    0.6680039327542522,
    0.6752269111789955,
    0.6128430588991549,
    0.5452069098647375,
    0.6555336547984697,
    0.5782534301304951,
    0.7312869674287137,
    0.7303866925269973,
    0.5627345551832449,
    0.5590905039920211
  ]
}