{
  "sampling_type": "cluster",
  "base_name": "sample_state_combined_county_id_10ppc_300_size",
  "intended_sample_size": 300,
  "actual_sample_size_mean": 274.6,
  "actual_sample_size_std": 5.986651818838306,
  "num_seeds": 10,
  "r2_mean": 0.6909812583726342,
  "r2_std": 0.07419604331082995,
  "r2_min": 0.48404520872818246,
  "r2_max": 0.7532322043515651,
  "r2_scores": [
    0.7146813860792725,
    0.48404520872818246,
    0.7132533049349143,
    0.7444386235070993,
    0.6560206388711118,
    0.6779625281689101,
    0.7532322043515651,
    0.7270071660840621,
    0.727047531958184,
    0.7121239910430404
  ]
}