{
  "sampling_type": "cluster",
  "base_name": "sample_state_combined_county_id_5ppc_400_size",
  "intended_sample_size": 400,
  "actual_sample_size_mean": 385.0,
  "actual_sample_size_std": 0.0,
  "num_seeds": 10,
  "r2_mean": 0.7471343453238228,
  "r2_std": 0.01983371888630404,
  "r2_min": 0.711735971385368,
  "r2_max": 0.7671939362980728,
  "r2_scores": [
    0.7325937059856426,
    0.7553995455048335,
    0.7671939362980728,
    0.711735971385368,
    0.7557258656988697,
    0.7550788835228789,
    0.7632955602082947,
    0.7526654917800613,
    0.7120703397178072,
    0.7655841531363992
  ]
}