{
  "sampling_type": "cluster",
  "base_name": "sample_state_combined_county_id_5ppc_500_size",
  "intended_sample_size": 500,
  "actual_sample_size_mean": 490.0,
  "actual_sample_size_std": 0.0,
  "num_seeds": 10,
  "r2_mean": 0.7581920358437204,
  "r2_std": 0.01436822268869728,
  "r2_min": 0.7337595527074245,
  "r2_max": 0.7827430175353951,
  "r2_scores": [
    0.7412726777941738,
    0.7500624577175958,
    0.7662221051747117,
    0.7459175903917143,
    0.760886040531045,
    0.7616606237919054,
    0.7671298169359931,
    0.7827430175353951,
    0.7337595527074245,
    0.7722664758572448
  ]
}