{
  "sampling_type": "cluster",
  "base_name": "sample_state_combined_county_id_5ppc_1000_size",
  "intended_sample_size": 1000,
  "actual_sample_size_mean": 830.2,
  "actual_sample_size_std": 0.6000000000000001,
  "num_seeds": 10,
  "r2_mean": 0.7822962038796296,
  "r2_std": 0.014633144995612583,
  "r2_min": 0.7532794246292953,
  "r2_max": 0.8034570588825869,
  "r2_scores": [
    0.7532794246292953,
    0.7843727347732619,
    0.7836650789214196,
    0.7669654303228115,
    0.7820598014022191,
    0.7718191904336382,
    0.8034570588825869,
    0.7957400412819844,
    0.7814456161979297,
    0.8001576619511506
  ]
}