{
  "sampling_type": "cluster",
  "base_name": "sample_state_combined_county_id_5ppc_900_size",
  "intended_sample_size": 900,
  "actual_sample_size_mean": 774.7,
  "actual_sample_size_std": 0.9,
  "num_seeds": 10,
  "r2_mean": 0.777913722261128,
  "r2_std": 0.01762461520402725,
  "r2_min": 0.7488723791137522,
  "r2_max": 0.8068951109323361,
  "r2_scores": [
    0.75205350462093,
    0.7711756529134839,
    0.7809880408514964,
    0.7488723791137522,
    0.7766280292930534,
    0.7705205359632119,
    0.8068951109323361,
    0.7898446754582218,
    0.7823045897110316,
    0.799854703753763
  ]
}