{
  "sampling_type": "cluster",
  "base_name": "sample_state_combined_county_id_5ppc_150_size",
  "intended_sample_size": 150,
  "actual_sample_size_mean": 145.0,
  "actual_sample_size_std": 0.0,
  "num_seeds": 10,
  "r2_mean": 0.6432932099032138,
  "r2_std": 0.060418365040499945,
  "r2_min": 0.5267547889461521,
  "r2_max": 0.7125682529011861,
  "r2_scores": [
    0.5267547889461521,
    0.6360598917122631,
    0.610890800200163,
    0.7125682529011861,
    0.5537938708168837,
    0.7092886198601576,
    0.7022754056741041,
    0.673550391441692,
    0.649548165412315,
    0.6582019120672211
  ]
}