{
  "sampling_type": "cluster",
  "base_name": "sample_state_combined_county_id_10ppc_100_size",
  "intended_sample_size": 100,
  "actual_sample_size_mean": 89.3,
  "actual_sample_size_std": 1.5524174696260025,
  "num_seeds": 10,
  "r2_mean": 0.49475643397957914,
  "r2_std": 0.1298757299766937,
  "r2_min": 0.2929748224508594,
  "r2_max": 0.6814891870607304,
  "r2_scores": [
    0.4514984287937345,
    0.42906782261567633,
    0.44195443911533683,
    0.2929748224508594,
    0.48372358306606633,
    0.6016452934410474,
    0.6814891870607304,
    0.6646050584573442,
    0.30928855513657216,
    0.5913171496584244
  ]
}