{
  "sampling_type": "cluster",
  "base_name": "sample_state_combined_county_id_10ppc_600_size",
  "intended_sample_size": 600,
  "actual_sample_size_mean": 572.4,
  "actual_sample_size_std": 2.727636339397171,
  "num_seeds": 10,
  "r2_mean": 0.7540708323707329,
  "r2_std": 0.03788303392110936,
  "r2_min": 0.6640506791258904,
  "r2_max": 0.7864342569702778,
  "r2_scores": [
    0.7698320094174471,
    0.708549549921724,
    0.7854245196359657,
    0.7864342569702778,
    0.7839450505694086,
    0.7487080461285758,
    0.7851472289069574,
    0.7521308768639682,
    0.7564861061671144,
    0.6640506791258904
  ]
}