label,Cross-validation R2,Test R2
population;size54345,0.07887397136792385,0.0786334433892496
treecover;size78285,0.6794700359619454,0.6799524025129009
elevation;size78285,0.053321719040546056,0.05851790957314784
