label,Test Avg R2,Test Std R2
population;budget1000.0,-0.17822815648789347,0.15321340115210275
population;budget10000.0,0.6488597003624305,0.008989958464211033
population;budget100000.0,0.7225887985038308,6.9099364280929e-05
population;budget1000000.0,0.7225887985038308,6.9099364280929e-05
population;budget10000000.0,0.7225887985038308,6.9099364280929e-05
population;budget100000000.0,0.7225887985038308,6.9099364280929e-05
population;budget1000000000.0,0.7225887985038308,6.9099364280929e-05
elevation;budget1000.0,-0.2623773050218582,0.07549562765862837
elevation;budget10000.0,0.7022605313788348,0.002410883219621229
elevation;budget100000.0,0.7793315867728815,0.00016048077350685656
elevation;budget1000000.0,0.7793315867728815,0.00016048077350685656
elevation;budget10000000.0,0.7793315867728815,0.00016048077350685656
elevation;budget100000000.0,0.7793315867728815,0.00016048077350685656
elevation;budget1000000000.0,0.7793315867728815,0.00016048077350685656
treecover;budget1000.0,0.5936034130458584,0.04314808306165532
treecover;budget10000.0,0.8952575101143951,0.0006008841441264878
treecover;budget100000.0,0.919755444825993,9.511581319705704e-05
treecover;budget1000000.0,0.919755444825993,9.511581319705704e-05
treecover;budget10000000.0,0.919755444825993,9.511581319705704e-05
treecover;budget100000000.0,0.919755444825993,9.511581319705704e-05
treecover;budget1000000000.0,0.919755444825993,9.511581319705704e-05
