{
  "sampling_type": "convenience",
  "base_name": "IDS_top50_urban_5000_points_probabilistic_5000_size",
  "intended_sample_size": 5000,
  "actual_sample_size_mean": 5000.0,
  "actual_sample_size_std": 0.0,
  "num_seeds": 10,
  "r2_mean": 0.22955358406408571,
  "r2_std": 0.0711538277157238,
  "r2_min": 0.07916342656253872,
  "r2_max": 0.29314065257307176,
  "r2_scores": [
    0.10388799781363156,
    0.07916342656253872,
    0.257515954431761,
    0.2483144344770729,
    0.2816581051059852,
    0.2804005955083987,
    0.25346490600653104,
    0.29314065257307176,
    0.2345991433381761,
    0.26339062482369
  ]
}