{
  "sampling_type": "convenience",
  "base_name": "IDS_top20_urban_5000_points_probabilistic_5000_size",
  "intended_sample_size": 5000,
  "actual_sample_size_mean": 5000.0,
  "actual_sample_size_std": 0.0,
  "num_seeds": 10,
  "r2_mean": 0.09958049239164676,
  "r2_std": 0.12040436917911523,
  "r2_min": -0.10459183955479068,
  "r2_max": 0.2273933164365518,
  "r2_scores": [
    0.1706634600787158,
    -0.10459183955479068,
    -0.051720602919946845,
    0.2117626887441878,
    0.13674676159928134,
    0.06285031589499213,
    0.22311664056122316,
    -0.05259597747596323,
    0.1721801605522163,
    0.2273933164365518
  ]
}