{
  "sampling_type": "convenience",
  "base_name": "IDS_top50_urban_600_points_probabilistic",
  "intended_sample_size": 600,
  "actual_sample_size_mean": 600.0,
  "actual_sample_size_std": 0.0,
  "num_seeds": 10,
  "r2_mean": -0.14599436176709266,
  "r2_std": 0.21002859110766858,
  "r2_min": -0.6502421503786309,
  "r2_max": 0.03354944043529251,
  "r2_scores": [
    -0.08744092272956494,
    0.014578989036071133,
    -0.35265217020074946,
    -0.2924727497161317,
    0.03354944043529251,
    0.0032851339334140084,
    -0.049323759322662974,
    -0.09868438456980955,
    -0.6502421503786309,
    0.019458955841845205
  ]
}