{
  "sampling_type": "convenience",
  "base_name": "IDS_top10_urban_1000_points_probabilistic_1000_size",
  "intended_sample_size": 1000,
  "actual_sample_size_mean": 1000.0,
  "actual_sample_size_std": 0.0,
  "num_seeds": 10,
  "r2_mean": -0.4458968413823867,
  "r2_std": 0.3758622463285743,
  "r2_min": -1.113486087478953,
  "r2_max": -0.05367632049362281,
  "r2_scores": [
    -0.48255138712670553,
    -0.2520004277376835,
    -0.8913169630407258,
    -1.113486087478953,
    -0.9696629083343091,
    -0.17794600254049886,
    -0.16928829485200403,
    -0.05367632049362281,
    -0.12001366763607746,
    -0.22902635458328713
  ]
}