{
  "sampling_type": "convenience",
  "base_name": "IDS_top20_urban_3000_points_probabilistic_3000_size",
  "intended_sample_size": 3000,
  "actual_sample_size_mean": 3000.0,
  "actual_sample_size_std": 0.0,
  "num_seeds": 10,
  "r2_mean": 0.09382969037609659,
  "r2_std": 0.05742053514881188,
  "r2_min": -0.025699732652848972,
  "r2_max": 0.17047925877442338,
  "r2_scores": [
    0.08612157242354057,
    0.03881188023332416,
    0.11265274338824427,
    0.0828536004604169,
    0.12705618470920232,
    0.16494494450406483,
    0.05139403034133927,
    -0.025699732652848972,
    0.17047925877442338,
    0.12968242157925913
  ]
}