{
  "sampling_type": "convenience",
  "base_name": "IDS_top20_urban_2000_points_probabilistic_2000_size",
  "intended_sample_size": 2000,
  "actual_sample_size_mean": 2000.0,
  "actual_sample_size_std": 0.0,
  "num_seeds": 10,
  "r2_mean": 0.047993927132646816,
  "r2_std": 0.07021446179024651,
  "r2_min": -0.0803613453958143,
  "r2_max": 0.1456517954973383,
  "r2_scores": [
    0.02786306565938923,
    -0.0803613453958143,
    0.05545495827370839,
    -0.038090561723860494,
    0.003512521935984614,
    0.1258422322105146,
    0.13061157938382517,
    0.039532109014577044,
    0.1456517954973383,
    0.06992291647080562
  ]
}