{
  "sampling_type": "convenience",
  "base_name": "IDS_top10_urban_3000_points_probabilistic_3000_size",
  "intended_sample_size": 3000,
  "actual_sample_size_mean": 3000.0,
  "actual_sample_size_std": 0.0,
  "num_seeds": 10,
  "r2_mean": -0.061964802151440956,
  "r2_std": 0.07992754583246389,
  "r2_min": -0.19174837041159454,
  "r2_max": 0.10568781134194472,
  "r2_scores": [
    -0.06861418475400849,
    -0.10263317013838313,
    -0.04666054956066823,
    -0.19174837041159454,
    -0.025200101565010957,
    -0.16472891795536437,
    0.004590844220793477,
    -0.08303525982912796,
    0.10568781134194472,
    -0.047306122862990074
  ]
}