{
  "sampling_type": "convenience",
  "base_name": "IDS_top50_urban_200_points_probabilistic",
  "intended_sample_size": 200,
  "actual_sample_size_mean": 200.0,
  "actual_sample_size_std": 0.0,
  "num_seeds": 10,
  "r2_mean": -0.2483033529662027,
  "r2_std": 0.2126177773432965,
  "r2_min": -0.6942795300416797,
  "r2_max": 0.005997201111974992,
  "r2_scores": [
    -0.08308080669684315,
    -0.2767345617589334,
    -0.2550393584262962,
    -0.24852654124123186,
    -0.010721563698277592,
    -0.542388295960966,
    0.005997201111974992,
    -0.2612875032813611,
    -0.6942795300416797,
    -0.11697256966841274
  ]
}