{
  "sampling_type": "convenience",
  "base_name": "IDS_top50_urban_3000_points_probabilistic_3000_size",
  "intended_sample_size": 3000,
  "actual_sample_size_mean": 3000.0,
  "actual_sample_size_std": 0.0,
  "num_seeds": 10,
  "r2_mean": 0.1963550539535608,
  "r2_std": 0.01766317041602073,
  "r2_min": 0.16329844932174242,
  "r2_max": 0.2207963995508272,
  "r2_scores": [
    0.2011719595379713,
    0.1750282878549433,
    0.20252573054997203,
    0.2207963995508272,
    0.16329844932174242,
    0.217892937039449,
    0.17965142664031353,
    0.2093768674697949,
    0.19636377204076372,
    0.1974447095298305
  ]
}