{
  "sampling_type": "convenience",
  "base_name": "IDS_top50_urban_700_points_probabilistic",
  "intended_sample_size": 700,
  "actual_sample_size_mean": 700.0,
  "actual_sample_size_std": 0.0,
  "num_seeds": 10,
  "r2_mean": -0.10115625453499813,
  "r2_std": 0.1919521930494541,
  "r2_min": -0.5240084777124108,
  "r2_max": 0.09027625039682508,
  "r2_scores": [
    -0.3040541093507656,
    0.09027625039682508,
    -0.044439107433146496,
    -0.28274902801798985,
    0.04272953029737836,
    0.07812523893071555,
    -0.004198080212934441,
    -0.07480772749167763,
    -0.5240084777124108,
    0.011562965244024448
  ]
}