{
  "sampling_type": "convenience",
  "base_name": "IDS_top20_urban_4000_points_probabilistic_4000_size",
  "intended_sample_size": 4000,
  "actual_sample_size_mean": 4000.0,
  "actual_sample_size_std": 0.0,
  "num_seeds": 10,
  "r2_mean": 0.0907005841846156,
  "r2_std": 0.11956638220186162,
  "r2_min": -0.12889940532458866,
  "r2_max": 0.2274269535150537,
  "r2_scores": [
    0.158439317330609,
    -0.07411036876892929,
    -0.058001919053496165,
    0.16057329098185824,
    0.16481886013255942,
    0.14367206229767315,
    0.14375595074820635,
    -0.12889940532458866,
    0.1693310999872103,
    0.2274269535150537
  ]
}