{
  "sampling_type": "convenience",
  "base_name": "IDS_top50_urban_2000_points_probabilistic_2000_size",
  "intended_sample_size": 2000,
  "actual_sample_size_mean": 2000.0,
  "actual_sample_size_std": 0.0,
  "num_seeds": 10,
  "r2_mean": 0.14368377719313993,
  "r2_std": 0.06732008416836659,
  "r2_min": 0.024381322863751165,
  "r2_max": 0.2500654545448855,
  "r2_scores": [
    0.12544762516214047,
    0.2500654545448855,
    0.07835333350749951,
    0.0756136216137957,
    0.12855489477725945,
    0.024381322863751165,
    0.2272039730218598,
    0.18857728539801655,
    0.17011125258570226,
    0.16852900845648888
  ]
}