{
  "sampling_type": "convenience",
  "base_name": "IDS_top10_urban_4000_points_probabilistic_4000_size",
  "intended_sample_size": 4000,
  "actual_sample_size_mean": 4000.0,
  "actual_sample_size_std": 0.0,
  "num_seeds": 10,
  "r2_mean": 0.021722447635901355,
  "r2_std": 0.06822107615542182,
  "r2_min": -0.14008574947023833,
  "r2_max": 0.09817473309966929,
  "r2_scores": [
    0.0718499558962028,
    0.03694291236076497,
    0.0023425598341760834,
    -0.14008574947023833,
    -0.05910706233280205,
    0.05414039074902821,
    0.09817473309966929,
    0.06471246770341121,
    0.06601187237029638,
    0.022242396148504984
  ]
}