{
  "sampling_type": "convenience",
  "base_name": "IDS_top50_urban_4000_points_probabilistic_4000_size",
  "intended_sample_size": 4000,
  "actual_sample_size_mean": 4000.0,
  "actual_sample_size_std": 0.0,
  "num_seeds": 10,
  "r2_mean": 0.23183331249301045,
  "r2_std": 0.0270834039142801,
  "r2_min": 0.19097380880961023,
  "r2_max": 0.2673572843456732,
  "r2_scores": [
    0.20223699806302997,
    0.2571923251454592,
    0.22506090983578153,
    0.19097380880961023,
    0.2619392341664766,
    0.2673572843456732,
    0.26434059566208323,
    0.22103852179918482,
    0.2060351290885467,
    0.22215831801425878
  ]
}