{
  "sampling_type": "convenience",
  "base_name": "IDS_top50_urban_400_points_probabilistic",
  "intended_sample_size": 400,
  "actual_sample_size_mean": 400.0,
  "actual_sample_size_std": 0.0,
  "num_seeds": 10,
  "r2_mean": -0.23304377248955827,
  "r2_std": 0.2717037669577324,
  "r2_min": -0.9415198911212788,
  "r2_max": 0.04393189211373061,
  "r2_scores": [
    -0.287363568962566,
    -0.08778651084825917,
    -0.2860462664439838,
    -0.23835680604269216,
    0.04393189211373061,
    0.024275466599353424,
    -0.3770869074218224,
    -0.13994996442595276,
    -0.9415198911212788,
    -0.04053516834211157
  ]
}