{
  "sampling_type": "convenience",
  "base_name": "IDS_top10_urban_5000_points_probabilistic_5000_size",
  "intended_sample_size": 5000,
  "actual_sample_size_mean": 5000.0,
  "actual_sample_size_std": 0.0,
  "num_seeds": 10,
  "r2_mean": -0.014351387843541185,
  "r2_std": 0.09645142057077467,
  "r2_min": -0.23383633030632067,
  "r2_max": 0.11566532829925014,
  "r2_scores": [
    -0.009832912265813842,
    0.013132277984557073,
    -0.23383633030632067,
    -0.10868727929596766,
    -0.05257089296553352,
    0.016608862951940195,
    -0.030279025092758705,
    0.11566532829925014,
    0.0852310701687915,
    0.061055022086443644
  ]
}