{
  "sampling_type": "convenience",
  "base_name": "IDS_top50_urban_300_points_probabilistic",
  "intended_sample_size": 300,
  "actual_sample_size_mean": 300.0,
  "actual_sample_size_std": 0.0,
  "num_seeds": 10,
  "r2_mean": -0.7311765604412525,
  "r2_std": 1.2302316813045304,
  "r2_min": -4.237217090121479,
  "r2_max": 0.014565309655821923,
  "r2_scores": [
    0.007887160825202133,
    -0.4884405546942234,
    -0.30961998963805293,
    -4.237217090121479,
    0.014565309655821923,
    -1.2288022915325185,
    0.002655405589891413,
    -0.2558076170441228,
    -0.7846824911937511,
    -0.032303446259291935
  ]
}