{
  "sampling_type": "convenience",
  "base_name": "IDS_top10_urban_2000_points_probabilistic_2000_size",
  "intended_sample_size": 2000,
  "actual_sample_size_mean": 2000.0,
  "actual_sample_size_std": 0.0,
  "num_seeds": 10,
  "r2_mean": -0.09172988371261381,
  "r2_std": 0.07863104663315675,
  "r2_min": -0.2379975966324701,
  "r2_max": -0.013995586968766682,
  "r2_scores": [
    -0.21967974998146822,
    -0.08666104994135182,
    -0.04694233949996307,
    -0.14914579686654905,
    -0.07809021656398096,
    -0.2379975966324701,
    -0.013995586968766682,
    -0.04462966302083493,
    -0.01692869588849666,
    -0.023228141762256627
  ]
}