{
  "sampling_type": "convenience",
  "base_name": "IDS_top50_urban_500_points_probabilistic",
  "intended_sample_size": 500,
  "actual_sample_size_mean": 500.0,
  "actual_sample_size_std": 0.0,
  "num_seeds": 10,
  "r2_mean": -0.2834927734816389,
  "r2_std": 0.29311600568138746,
  "r2_min": -0.9785136318996903,
  "r2_max": 0.05009933373528619,
  "r2_scores": [
    -0.13104238915504962,
    -0.3407901261101176,
    -0.42036332096609974,
    -0.33218671098900243,
    0.05009933373528619,
    -0.02914092239303412,
    -0.5100638778349316,
    -0.14649952331913374,
    -0.9785136318996903,
    0.003573434115383578
  ]
}