{
  "sampling_type": "convenience",
  "base_name": "IDS_top50_urban_1000_points_probabilistic_1000_size",
  "intended_sample_size": 1000,
  "actual_sample_size_mean": 1000.0,
  "actual_sample_size_std": 0.0,
  "num_seeds": 10,
  "r2_mean": -0.06089213175542944,
  "r2_std": 0.16327990580835852,
  "r2_min": -0.45775840552709224,
  "r2_max": 0.157986170038108,
  "r2_scores": [
    -0.45775840552709224,
    0.1035778626989814,
    -0.03242893008605474,
    -0.09890273428757923,
    -0.06675030517843461,
    -0.20251097419790853,
    -0.036097494141916764,
    -0.004769287089609664,
    0.157986170038108,
    0.02873278021721193
  ]
}