{
  "sampling_type": "convenience",
  "base_name": "IDS_top20_urban_1000_points_probabilistic_1000_size",
  "intended_sample_size": 1000,
  "actual_sample_size_mean": 1000.0,
  "actual_sample_size_std": 0.0,
  "num_seeds": 10,
  "r2_mean": -0.040784945932766256,
  "r2_std": 0.05762851900236103,
  "r2_min": -0.10273526315795767,
  "r2_max": 0.06817576617836263,
  "r2_scores": [
    -0.08415777972599758,
    -0.04026514462679498,
    -0.03217579377333735,
    0.06817576617836263,
    -0.05093097957443815,
    -0.09867409205732303,
    -0.03165266243575604,
    -0.09168572266557407,
    -0.10273526315795767,
    0.05625221251115364
  ]
}