{
  "sampling_type": "convenience",
  "base_name": "IDS_top50_urban_100_points_probabilistic",
  "intended_sample_size": 100,
  "actual_sample_size_mean": 100.0,
  "actual_sample_size_std": 0.0,
  "num_seeds": 10,
  "r2_mean": -0.3022934741193817,
  "r2_std": 0.2620199116803825,
  "r2_min": -0.9576191710810793,
  "r2_max": -0.10200115289395728,
  "r2_scores": [
    -0.10724976806984277,
    -0.1901925254740897,
    -0.9576191710810793,
    -0.14673682291940837,
    -0.1971440805384177,
    -0.3534600912558461,
    -0.17473286068534,
    -0.10200115289395728,
    -0.17973280750542742,
    -0.6140654607704084
  ]
}