{
  "sampling_type": "cluster",
  "base_name": "sample_state_district_20ppc_4000_size",
  "intended_sample_size": 4000,
  "actual_sample_size_mean": 3618.3,
  "actual_sample_size_std": 4.583666654546335,
  "num_seeds": 10,
  "r2_mean": 0.1786337254799283,
  "r2_std": 0.04495526632062527,
  "r2_min": 0.10007922685489412,
  "r2_max": 0.23123555594809986,
  "r2_scores": [
    0.2240401121178619,
    0.23123555594809986,
    0.20240255665484364,
    0.16122850773490083,
    0.2095966123557702,
    0.12234560808225003,
    0.2084238151654192,
    0.20136974357073123,
    0.12561551631451207,
    0.10007922685489412
  ]
}