{
  "sampling_type": "cluster",
  "base_name": "sample_state_district_30ppc_1000_size",
  "intended_sample_size": 1000,
  "actual_sample_size_mean": 931.8,
  "actual_sample_size_std": 5.075431016179809,
  "num_seeds": 10,
  "r2_mean": -0.11321673114022687,
  "r2_std": 0.3444495724975809,
  "r2_min": -1.0763246952095114,
  "r2_max": 0.15497889921031816,
  "r2_scores": [
    -0.2679745248071501,
    0.09712728845718566,
    0.15497889921031816,
    -0.007802449181933735,
    0.051145468593829624,
    -0.1591724734299791,
    -0.043333746800765294,
    -0.02378590429720484,
    0.1429748260629422,
    -1.0763246952095114
  ]
}