{
  "sampling_type": "cluster",
  "base_name": "sample_state_district_30ppc_5000_size",
  "intended_sample_size": 5000,
  "actual_sample_size_mean": 4678.6,
  "actual_sample_size_std": 8.685620300243386,
  "num_seeds": 10,
  "r2_mean": 0.19323746563640193,
  "r2_std": 0.053853922615151074,
  "r2_min": 0.08446593843293748,
  "r2_max": 0.2582338049310857,
  "r2_scores": [
    0.2582338049310857,
    0.2224976366379543,
    0.24071184549043223,
    0.12370664300287082,
    0.22217152603541368,
    0.2250504490497759,
    0.20986435365066547,
    0.20480536215247047,
    0.14086709698041344,
    0.08446593843293748
  ]
}