{
  "sampling_type": "cluster",
  "base_name": "sample_state_district_20ppc_3000_size",
  "intended_sample_size": 3000,
  "actual_sample_size_mean": 2863.6,
  "actual_sample_size_std": 6.16765757804371,
  "num_seeds": 10,
  "r2_mean": 0.15642255581418968,
  "r2_std": 0.05192736525672845,
  "r2_min": 0.046981279978702606,
  "r2_max": 0.2190641667257931,
  "r2_scores": [
    0.2190641667257931,
    0.15365762263733318,
    0.18895859365152223,
    0.046981279978702606,
    0.18771334596779177,
    0.08972599073454623,
    0.21575356975833193,
    0.12871647286124122,
    0.17253043666264112,
    0.16112407916399318
  ]
}