{
  "sampling_type": "cluster",
  "base_name": "sample_state_district_50ppc_2000_size",
  "intended_sample_size": 2000,
  "actual_sample_size_mean": 1833.7,
  "actual_sample_size_std": 21.9182572299898,
  "num_seeds": 10,
  "r2_mean": 0.06271932666379548,
  "r2_std": 0.10719136311819479,
  "r2_min": -0.15317426178406324,
  "r2_max": 0.1821014426766685,
  "r2_scores": [
    -0.15317426178406324,
    0.18145360830953638,
    0.1821014426766685,
    -0.0006926220406522354,
    0.006071766119744582,
    0.12985205888008566,
    0.025118621582832068,
    0.14979894203203448,
    0.15087716726173872,
    -0.0442134563999701
  ]
}