{
  "sampling_type": "cluster",
  "base_name": "sample_state_district_50ppc_1000_size",
  "intended_sample_size": 1000,
  "actual_sample_size_mean": 858.7,
  "actual_sample_size_std": 19.56041921841145,
  "num_seeds": 10,
  "r2_mean": -0.24392190957791762,
  "r2_std": 0.25583279506731665,
  "r2_min": -0.6401682075538673,
  "r2_max": 0.08131138988126851,
  "r2_scores": [
    -0.6401682075538673,
    0.08131138988126851,
    -0.00843488634388967,
    -0.4158682434416183,
    -0.03821497766741877,
    -0.21377864713691008,
    -0.4129315179583899,
    -0.6164445016966231,
    0.06611954795346264,
    -0.24080905181518975
  ]
}