{
  "sampling_type": "cluster",
  "base_name": "sample_state_district_30ppc_3000_size",
  "intended_sample_size": 3000,
  "actual_sample_size_mean": 2919.5,
  "actual_sample_size_std": 13.872634933566154,
  "num_seeds": 10,
  "r2_mean": 0.1687610150529521,
  "r2_std": 0.03729011817942693,
  "r2_min": 0.11401502797404728,
  "r2_max": 0.22310353649857673,
  "r2_scores": [
    0.1892097660823937,
    0.22310353649857673,
    0.1975405209247948,
    0.16440590165698976,
    0.11401502797404728,
    0.21888961491919723,
    0.17907950652841897,
    0.1494930435216213,
    0.12197068502049568,
    0.12990254740298535
  ]
}