{
  "sampling_type": "cluster",
  "base_name": "sample_state_district_50ppc_2500_size",
  "intended_sample_size": 2500,
  "actual_sample_size_mean": 2365.6,
  "actual_sample_size_std": 19.805049861083408,
  "num_seeds": 10,
  "r2_mean": 0.09418346322155455,
  "r2_std": 0.17358549719435412,
  "r2_min": -0.41659922504435976,
  "r2_max": 0.1938160685918644,
  "r2_scores": [
    -0.41659922504435976,
    0.17349963540726931,
    0.1829617497456747,
    0.10429046401772535,
    0.1936545521026255,
    0.11521102187173482,
    0.11848883557291101,
    0.11173497644207586,
    0.1938160685918644,
    0.16477655350802423
  ]
}