{
  "sampling_type": "cluster",
  "base_name": "sample_state_district_20ppc_2000_size",
  "intended_sample_size": 2000,
  "actual_sample_size_mean": 1939.9,
  "actual_sample_size_std": 2.071231517720798,
  "num_seeds": 10,
  "r2_mean": 0.1342326287312697,
  "r2_std": 0.057142086716842,
  "r2_min": -0.004616871043808812,
  "r2_max": 0.1973214396688927,
  "r2_scores": [
    0.11295777099856241,
    0.1973214396688927,
    0.1830268162700064,
    0.10170191705182519,
    0.10746062118693223,
    0.12589419144060487,
    0.18495055903963442,
    -0.004616871043808812,
    0.16991891998065756,
    0.16371092271939014
  ]
}