{
  "sampling_type": "cluster",
  "base_name": "sample_state_district_50ppc_5000_size",
  "intended_sample_size": 5000,
  "actual_sample_size_mean": 4852.9,
  "actual_sample_size_std": 30.435012732049252,
  "num_seeds": 10,
  "r2_mean": 0.21715827830947151,
  "r2_std": 0.03750060430175996,
  "r2_min": 0.13324389438084805,
  "r2_max": 0.27735710059931673,
  "r2_scores": [
    0.13324389438084805,
    0.24516413805114923,
    0.25042761030456717,
    0.209135544514351,
    0.2163285976969629,
    0.27735710059931673,
    0.22890064102218743,
    0.19822591025069503,
    0.22528603227744848,
    0.18751331399718907
  ]
}