{
  "sampling_type": "cluster",
  "base_name": "sample_state_district_20ppc_1000_size",
  "intended_sample_size": 1000,
  "actual_sample_size_mean": 958.5,
  "actual_sample_size_std": 3.6124783736376886,
  "num_seeds": 10,
  "r2_mean": -0.15150957251640876,
  "r2_std": 0.40110527756833203,
  "r2_min": -1.0872673025094586,
  "r2_max": 0.14865757379172617,
  "r2_scores": [
    -0.7056211683699825,
    0.1463665399082258,
    -0.022184437981845884,
    -0.07805658848879893,
    0.14865757379172617,
    -0.2615685025275438,
    0.12289039775043664,
    0.11963137573459848,
    0.10205638752855517,
    -1.0872673025094586
  ]
}