{
  "sampling_type": "cluster",
  "base_name": "sample_state_district_30ppc_4000_size",
  "intended_sample_size": 4000,
  "actual_sample_size_mean": 3894.9,
  "actual_sample_size_std": 5.3935146240647205,
  "num_seeds": 10,
  "r2_mean": 0.16525929189176614,
  "r2_std": 0.05505796543938256,
  "r2_min": 0.08351433789006357,
  "r2_max": 0.22676459254313341,
  "r2_scores": [
    0.22146499159068356,
    0.22429597587002525,
    0.2118191434588622,
    0.08351433789006357,
    0.1995282242865919,
    0.22676459254313341,
    0.08647284154622914,
    0.12044714739547191,
    0.15102756695037756,
    0.12725809738622262
  ]
}