{
  "sampling_type": "cluster",
  "base_name": "sample_state_district_20ppc_2500_size",
  "intended_sample_size": 2500,
  "actual_sample_size_mean": 2439.9,
  "actual_sample_size_std": 2.071231517720798,
  "num_seeds": 10,
  "r2_mean": 0.13985905234014934,
  "r2_std": 0.04046899756382033,
  "r2_min": 0.058642086817539796,
  "r2_max": 0.2090314725416761,
  "r2_scores": [
    0.2090314725416761,
    0.14896310354231912,
    0.1439285080181013,
    0.08582509292024443,
    0.16630575114840018,
    0.1324746969810433,
    0.16854186122770876,
    0.058642086817539796,
    0.15635467368419864,
    0.12852327652026196
  ]
}