{
  "sampling_type": "cluster",
  "base_name": "sample_state_district_30ppc_2000_size",
  "intended_sample_size": 2000,
  "actual_sample_size_mean": 1892.8,
  "actual_sample_size_std": 6.241794613730894,
  "num_seeds": 10,
  "r2_mean": 0.07793175039038931,
  "r2_std": 0.09593930522488368,
  "r2_min": -0.12433297852084846,
  "r2_max": 0.18830865663193153,
  "r2_scores": [
    -0.0757004991812511,
    0.12727712404478175,
    0.09355844729344354,
    0.05557063842713006,
    0.16070638675969973,
    0.1110826413972007,
    0.13614902726284417,
    -0.12433297852084846,
    0.18830865663193153,
    0.10669805978896119
  ]
}