{
  "sampling_type": "cluster",
  "base_name": "sample_state_district_20ppc_5000_size",
  "intended_sample_size": 5000,
  "actual_sample_size_mean": 4125.7,
  "actual_sample_size_std": 8.331266410336426,
  "num_seeds": 10,
  "r2_mean": 0.20705339536487716,
  "r2_std": 0.06812890258289554,
  "r2_min": 0.026779184029019243,
  "r2_max": 0.2548241850570869,
  "r2_scores": [
    0.24619899779361465,
    0.25043587182229987,
    0.24049238592073097,
    0.23607521376031582,
    0.2548241850570869,
    0.2034264906436435,
    0.24781308126415502,
    0.2231972501839543,
    0.026779184029019243,
    0.1412912931739515
  ]
}