{
  "sampling_type": "cluster",
  "base_name": "sample_state_district_50ppc_3000_size",
  "intended_sample_size": 3000,
  "actual_sample_size_mean": 2844.5,
  "actual_sample_size_std": 25.28734861546382,
  "num_seeds": 10,
  "r2_mean": 0.1354187312336385,
  "r2_std": 0.09031071026821758,
  "r2_min": -0.09749902902042695,
  "r2_max": 0.21550272497347445,
  "r2_scores": [
    -0.09749902902042695,
    0.17664890673477562,
    0.20332614793931403,
    0.1540495545072499,
    0.21178036246909793,
    0.1873113113725121,
    0.0630542176299782,
    0.11899883724909066,
    0.21550272497347445,
    0.12101427848131929
  ]
}