{
  "sampling_type": "cluster",
  "base_name": "sample_state_district_50ppc_4000_size",
  "intended_sample_size": 4000,
  "actual_sample_size_mean": 3873.6,
  "actual_sample_size_std": 26.537520607622707,
  "num_seeds": 10,
  "r2_mean": 0.19424734311687042,
  "r2_std": 0.040430499932732504,
  "r2_min": 0.12172108272924387,
  "r2_max": 0.2551359120885276,
  "r2_scores": [
    0.1475661678143494,
    0.22632349436026034,
    0.22907100305542816,
    0.18753670240806086,
    0.21671392342858775,
    0.2551359120885276,
    0.15606394315903482,
    0.12172108272924387,
    0.22184018148910378,
    0.1805010206361075
  ]
}