{
  "sampling_type": "cluster",
  "base_name": "sample_state_combined_county_id_10ppc_500_size",
  "intended_sample_size": 500,
  "actual_sample_size_mean": 484.1,
  "actual_sample_size_std": 4.3,
  "num_seeds": 10,
  "r2_mean": 0.4227703427472035,
  "r2_std": 0.055844667258124384,
  "r2_min": 0.3199885933541329,
  "r2_max": 0.48147405885569494,
  "r2_scores": [
    0.46044864722873813,
    0.4804468709870442,
    0.48147405885569494,
    0.43659461923554244,
    0.4426812363560557,
    0.3726540755791433,
    0.3199885933541329,
    0.33588302683290816,
    0.4634231211389175,
    0.43410917790385706
  ]
}