{
  "sampling_type": "cluster",
  "base_name": "sample_state_combined_county_id_10ppc_100_size",
  "intended_sample_size": 100,
  "actual_sample_size_mean": 80.5,
  "actual_sample_size_std": 2.692582403567252,
  "num_seeds": 10,
  "r2_mean": -0.003784441062791577,
  "r2_std": 0.2642849801981275,
  "r2_min": -0.5964336457445427,
  "r2_max": 0.3167324678253778,
  "r2_scores": [
    -0.17735197925532886,
    0.25902981756721055,
    0.3167324678253778,
    0.18044109978499578,
    -0.5964336457445427,
    -0.020079894031755474,
    0.02235582581403761,
    -0.27697454105775665,
    0.1001980041106828,
    0.1542384343591634
  ]
}