{
  "sampling_type": "cluster",
  "base_name": "sample_state_combined_county_id_5ppc_400_size",
  "intended_sample_size": 400,
  "actual_sample_size_mean": 389.9,
  "actual_sample_size_std": 0.30000000000000004,
  "num_seeds": 10,
  "r2_mean": 0.4209940104759225,
  "r2_std": 0.04560496426418992,
  "r2_min": 0.3033486317420797,
  "r2_max": 0.4775928078191597,
  "r2_scores": [
    0.42848047284589574,
    0.4243049977706109,
    0.45496382390539103,
    0.40372092367635104,
    0.4235477230860837,
    0.40238025841971525,
    0.46384546215979205,
    0.42775500333414584,
    0.4775928078191597,
    0.3033486317420797
  ]
}