{
  "sampling_type": "cluster",
  "base_name": "sample_state_combined_county_id_5ppc_200_size",
  "intended_sample_size": 200,
  "actual_sample_size_mean": 185.0,
  "actual_sample_size_std": 0.0,
  "num_seeds": 10,
  "r2_mean": 0.31204371071280496,
  "r2_std": 0.09756110331811096,
  "r2_min": 0.05651801877730733,
  "r2_max": 0.4086108768518394,
  "r2_scores": [
    0.32394704576475475,
    0.3738815416739599,
    0.35366846935410445,
    0.37495595236696766,
    0.2659269770765187,
    0.3715047563919258,
    0.05651801877730733,
    0.34424563296618016,
    0.4086108768518394,
    0.24717783590449105
  ]
}