{
  "sampling_type": "cluster",
  "base_name": "sample_state_combined_county_id_10ppc_700_size",
  "intended_sample_size": 700,
  "actual_sample_size_mean": 669.8,
  "actual_sample_size_std": 4.044749683231338,
  "num_seeds": 10,
  "r2_mean": 0.46042191681012723,
  "r2_std": 0.021770048902787827,
  "r2_min": 0.4296910905705704,
  "r2_max": 0.49432747458854354,
  "r2_scores": [
    0.4862766849307999,
    0.45527105060560136,
    0.4808992869897518,
    0.4296910905705704,
    0.4730059660634548,
    0.4502080989936329,
    0.4637952780401505,
    0.43637509054069157,
    0.49432747458854354,
    0.4343691467780757
  ]
}