{
  "sampling_type": "cluster",
  "base_name": "sample_state_combined_county_id_5ppc_150_size",
  "intended_sample_size": 150,
  "actual_sample_size_mean": 140.0,
  "actual_sample_size_std": 0.0,
  "num_seeds": 10,
  "r2_mean": 0.32486589878020333,
  "r2_std": 0.06398343683046147,
  "r2_min": 0.19981712387041672,
  "r2_max": 0.43494700719077695,
  "r2_scores": [
    0.31527584984400137,
    0.3631707803331482,
    0.3598612734043203,
    0.31264914125279564,
    0.2612009827761764,
    0.284954351102925,
    0.19981712387041672,
    0.32406525098174976,
    0.43494700719077695,
    0.392717227045723
  ]
}