{
  "sampling_type": "cluster",
  "base_name": "sample_state_combined_county_id_5ppc_600_size",
  "intended_sample_size": 600,
  "actual_sample_size_mean": 589.4,
  "actual_sample_size_std": 1.4966629547095767,
  "num_seeds": 10,
  "r2_mean": 0.43719986725941806,
  "r2_std": 0.058130483951030286,
  "r2_min": 0.2727397891554175,
  "r2_max": 0.49660845187982605,
  "r2_scores": [
    0.49660845187982605,
    0.44138130838586254,
    0.4327914802946815,
    0.44391445449671796,
    0.4478112831732982,
    0.4418382354205729,
    0.48436280894810624,
    0.4474934391199362,
    0.46305742171976205,
    0.2727397891554175
  ]
}