{
  "sampling_type": "cluster",
  "base_name": "sample_state_combined_county_id_5ppc_100_size",
  "intended_sample_size": 100,
  "actual_sample_size_mean": 85.0,
  "actual_sample_size_std": 0.0,
  "num_seeds": 10,
  "r2_mean": 0.21165001752802484,
  "r2_std": 0.0911965791419367,
  "r2_min": 0.08231260480892066,
  "r2_max": 0.359022303436382,
  "r2_scores": [
    0.16542137133433865,
    0.20960648777297053,
    0.13334036257594706,
    0.2960481969659775,
    0.12754471897967723,
    0.08231260480892066,
    0.2926962563079507,
    0.13775434310560541,
    0.31275352999247885,
    0.359022303436382
  ]
}