{
  "sampling_type": "cluster",
  "base_name": "sample_state_combined_county_id_10ppc_1000_size",
  "intended_sample_size": 1000,
  "actual_sample_size_mean": 983.4,
  "actual_sample_size_std": 5.535341001239218,
  "num_seeds": 10,
  "r2_mean": 0.49648374882270196,
  "r2_std": 0.01752936923960381,
  "r2_min": 0.46321011500351017,
  "r2_max": 0.5219234993211924,
  "r2_scores": [
    0.4841473607187463,
    0.46321011500351017,
    0.5219234993211924,
    0.49204440661189364,
    0.515083191354816,
    0.5083961404094344,
    0.48234930793842357,
    0.5050720663923428,
    0.5101824552535075,
    0.4824289452231538
  ]
}