{
  "sampling_type": "cluster",
  "base_name": "sample_state_combined_county_id_10ppc_400_size",
  "intended_sample_size": 400,
  "actual_sample_size_mean": 374.3,
  "actual_sample_size_std": 7.267048919609665,
  "num_seeds": 10,
  "r2_mean": 0.37079133314800616,
  "r2_std": 0.06658823989190854,
  "r2_min": 0.24403361130514623,
  "r2_max": 0.4959784852463075,
  "r2_scores": [
    0.3619148311057342,
    0.4959784852463075,
    0.421566133783281,
    0.3982019481474868,
    0.32399475943231715,
    0.34710859539285777,
    0.24403361130514623,
    0.3492269385838208,
    0.4362412446174877,
    0.3296467838656223
  ]
}