{
  "sampling_type": "cluster",
  "base_name": "sample_state_combined_county_id_10ppc_300_size",
  "intended_sample_size": 300,
  "actual_sample_size_mean": 279.3,
  "actual_sample_size_std": 2.2825424421026654,
  "num_seeds": 10,
  "r2_mean": 0.38112680955209155,
  "r2_std": 0.06499625438069456,
  "r2_min": 0.28393727157892656,
  "r2_max": 0.49360583165249083,
  "r2_scores": [
    0.39934813918669365,
    0.49360583165249083,
    0.4292267659890667,
    0.41418058459779195,
    0.3348774608530979,
    0.28393727157892656,
    0.3472080267944817,
    0.2881945451296022,
    0.44760297727433607,
    0.37308649246442804
  ]
}