{
  "sampling_type": "cluster",
  "base_name": "sample_state_combined_county_id_5ppc_700_size",
  "intended_sample_size": 700,
  "actual_sample_size_mean": 686.2,
  "actual_sample_size_std": 1.32664991614216,
  "num_seeds": 10,
  "r2_mean": 0.46785889063822816,
  "r2_std": 0.019581285327350487,
  "r2_min": 0.4367559661708852,
  "r2_max": 0.49779244347906226,
  "r2_scores": [
    0.49779244347906226,
    0.45764598256632616,
    0.45421990287285974,
    0.4367559661708852,
    0.47408596948620063,
    0.48238855704570993,
    0.46959414163485824,
    0.49505225731464897,
    0.4693831694285797,
    0.4416705163831506
  ]
}