{
  "sampling_type": "cluster",
  "base_name": "sample_state_combined_county_id_10ppc_200_size",
  "intended_sample_size": 200,
  "actual_sample_size_mean": 171.0,
  "actual_sample_size_std": 2.6076809620810595,
  "num_seeds": 10,
  "r2_mean": 0.3086276189399787,
  "r2_std": 0.1143594108395119,
  "r2_min": 0.09023376839504149,
  "r2_max": 0.42103045878227685,
  "r2_scores": [
    0.396741806256396,
    0.4184192498848398,
    0.42103045878227685,
    0.3034703821283403,
    0.09023376839504149,
    0.1087905827192791,
    0.32523654900391896,
    0.31390290098777884,
    0.4099421796255611,
    0.29850831161635405
  ]
}