{
  "sampling_type": "cluster",
  "base_name": "sample_state_combined_county_id_10ppc_800_size",
  "intended_sample_size": 800,
  "actual_sample_size_mean": 780.8,
  "actual_sample_size_std": 3.627671429443411,
  "num_seeds": 10,
  "r2_mean": 0.4691616508520987,
  "r2_std": 0.02667195944420291,
  "r2_min": 0.43380082395604924,
  "r2_max": 0.5139244199572988,
  "r2_scores": [
    0.4646055562947984,
    0.4586369486313143,
    0.5082644064993569,
    0.4580626429376966,
    0.5139244199572988,
    0.43380082395604924,
    0.4604161607877575,
    0.4547214445335662,
    0.4995146706021357,
    0.43966943432101346
  ]
}