{
  "sampling_type": "cluster",
  "base_name": "sample_state_combined_county_id_10ppc_600_size",
  "intended_sample_size": 600,
  "actual_sample_size_mean": 575.6,
  "actual_sample_size_std": 5.535341001239218,
  "num_seeds": 10,
  "r2_mean": 0.45226048640958244,
  "r2_std": 0.031163120788676925,
  "r2_min": 0.40651645621391996,
  "r2_max": 0.493172886290137,
  "r2_scores": [
    0.46518328334862213,
    0.4846091510901479,
    0.483862658915983,
    0.42032247138322343,
    0.46543013102898756,
    0.4209967531300046,
    0.4669441807487369,
    0.40651645621391996,
    0.493172886290137,
    0.41556689194606167
  ]
}