{
  "sampling_type": "cluster",
  "base_name": "sample_state_combined_county_id_5ppc_500_size",
  "intended_sample_size": 500,
  "actual_sample_size_mean": 490.4,
  "actual_sample_size_std": 1.2000000000000002,
  "num_seeds": 10,
  "r2_mean": 0.43570690108757654,
  "r2_std": 0.025597457605565335,
  "r2_min": 0.39286353389743967,
  "r2_max": 0.47430429683594344,
  "r2_scores": [
    0.46923901539731794,
    0.45029638028646735,
    0.43051267323833364,
    0.39286353389743967,
    0.42798650093593404,
    0.42336310254769394,
    0.47430429683594344,
    0.4342966474660187,
    0.4544963809675122,
    0.39971047930310466
  ]
}