{
  "sampling_type": "cluster",
  "base_name": "sample_state_combined_county_id_10ppc_150_size",
  "intended_sample_size": 150,
  "actual_sample_size_mean": 130.6,
  "actual_sample_size_std": 3.6660605559646715,
  "num_seeds": 10,
  "r2_mean": 0.254214530334908,
  "r2_std": 0.19335837222139146,
  "r2_min": -0.2752905017267042,
  "r2_max": 0.41281467240609426,
  "r2_scores": [
    0.30267282099415116,
    0.4086973576168307,
    0.3754104554404192,
    0.33555168273210223,
    0.2336895759937233,
    -0.2752905017267042,
    0.36222637783855294,
    0.16777981973723233,
    0.41281467240609426,
    0.21859304231667742
  ]
}