{
  "sampling_type": "cluster",
  "base_name": "sample_state_combined_county_id_5ppc_1000_size",
  "intended_sample_size": 1000,
  "actual_sample_size_mean": 913.0,
  "actual_sample_size_std": 1.61245154965971,
  "num_seeds": 10,
  "r2_mean": 0.4887062250147668,
  "r2_std": 0.013611867166487452,
  "r2_min": 0.4627867688497327,
  "r2_max": 0.5073544773611252,
  "r2_scores": [
    0.4848159248256384,
    0.5007483215907647,
    0.5045785224631683,
    0.4938222539868401,
    0.49503766610263733,
    0.4806587691989237,
    0.4627867688497327,
    0.5073544773611252,
    0.48522845394384506,
    0.47203109182499203
  ]
}