{
  "sampling_type": "cluster",
  "base_name": "sample_state_combined_county_id_10ppc_900_size",
  "intended_sample_size": 900,
  "actual_sample_size_mean": 874.3,
  "actual_sample_size_std": 5.0803543183522155,
  "num_seeds": 10,
  "r2_mean": 0.48529242868605593,
  "r2_std": 0.018531618278699587,
  "r2_min": 0.4534587590879675,
  "r2_max": 0.5163352044530372,
  "r2_scores": [
    0.47341209357880953,
    0.47235117178094044,
    0.5163352044530372,
    0.4534587590879675,
    0.5104847652940829,
    0.49701420548468245,
    0.47475133664329605,
    0.48987195513614734,
    0.4933498188810227,
    0.47189497652057333
  ]
}