{
  "sampling_type": "cluster",
  "base_name": "sample_state_combined_county_id_5ppc_300_size",
  "intended_sample_size": 300,
  "actual_sample_size_mean": 290.0,
  "actual_sample_size_std": 0.0,
  "num_seeds": 10,
  "r2_mean": 0.39981040697512193,
  "r2_std": 0.038524072246689314,
  "r2_min": 0.33866787488070127,
  "r2_max": 0.4581935447542327,
  "r2_scores": [
    0.42533773707537104,
    0.43078052927430455,
    0.4135994761396272,
    0.38944419461752666,
    0.3862774656482,
    0.33866787488070127,
    0.44207313530031567,
    0.3648577567794089,
    0.4581935447542327,
    0.3488723552815316
  ]
}