{
  "sampling_type": "cluster",
  "base_name": "sample_state_combined_county_id_5ppc_900_size",
  "intended_sample_size": 900,
  "actual_sample_size_mean": 835.1,
  "actual_sample_size_std": 1.2206555615733703,
  "num_seeds": 10,
  "r2_mean": 0.47272817278368395,
  "r2_std": 0.03822036923112096,
  "r2_min": 0.37156841804769414,
  "r2_max": 0.514041570204745,
  "r2_scores": [
    0.4837482542782331,
    0.49790618587573876,
    0.514041570204745,
    0.47894674576230944,
    0.4792107194737686,
    0.4789601745461325,
    0.43991571352244285,
    0.49395663586464944,
    0.48902731026112567,
    0.37156841804769414
  ]
}