{
  "sampling_type": "cluster",
  "base_name": "sample_state_combined_county_id_5ppc_800_size",
  "intended_sample_size": 800,
  "actual_sample_size_mean": 760.9,
  "actual_sample_size_std": 1.0440306508910548,
  "num_seeds": 10,
  "r2_mean": 0.47022245723304296,
  "r2_std": 0.02306490837219169,
  "r2_min": 0.42724875468394474,
  "r2_max": 0.5004145843720931,
  "r2_scores": [
    0.49376993445169926,
    0.4700944647314155,
    0.5004145843720931,
    0.46208260318844485,
    0.44953261957647694,
    0.481469204456056,
    0.42724875468394474,
    0.4978635758971197,
    0.4741587593388361,
    0.4455900716343434
  ]
}